{
  "captured_at": "2026-04-16T16:34:02",
  "rapid_mlx_version": "0.5.0",
  "model": "qwen3.5-4b",
  "metrics": {
    "cold_ttft_ms": 170.7701669074595,
    "cold_tps": 168.1036081769402,
    "cached_ttft_ms": 223.16349996253848,
    "decode_tps": 167.821708310493,
    "decode_tps_stdev": 0,
    "mt_ttft_ms": 233.40062494389713,
    "mt_tps": 165.54264366438625,
    "tc_latency_ms": 1068.896499928087,
    "tc_success_rate": 1.0,
    "long_ttft_ms": 966.4679998531938,
    "long_tps": 163.68971893952352,
    "long_cached_ttft_ms": 943.7295419629663,
    "composite_score": 257.2
  }
}