{
  "captured_at": "2026-04-15T22:00:44",
  "rapid_mlx_version": "0.5.0",
  "model": "qwen3.5-4b",
  "metrics": {
    "cold_ttft_ms": 312.20033299177885,
    "cold_tps": 49.09060648629278,
    "cached_ttft_ms": 395.03545803017914,
    "decode_tps": 49.07147617087399,
    "decode_tps_stdev": 0,
    "mt_ttft_ms": 398.6949999816716,
    "mt_tps": 48.48020296161872,
    "tc_latency_ms": 2827.9930830467492,
    "tc_success_rate": 1.0,
    "long_ttft_ms": 1294.1680420190096,
    "long_tps": 48.57615694075061,
    "long_cached_ttft_ms": 1252.0195830147713,
    "composite_score": 109.3
  }
}